{
    "Fertilizer_Used": 1.5000971871306785,
    "Irrigation_Used": 1.1996045538078512,
    "Temperature_Celsius": 0.019821573468626435,
    "Rainfall_mm": 0.004997483597538351,
    "Crop_Rice": 0.0021754698390494993,
    "Soil_Type_Clay": 0.001991083794358293,
    "Weather_Condition_Rainy": 0.0019568834973216517,
    "Region_East": 0.0007324605589777689,
    "Region_North": 0.0007321168285687283,
    "Crop_Soybean": 0.0007153412663255592,
    "Soil_Type_Peaty": 0.00045949605875574484,
    "Soil_Type_Chalky": 0.00022206369936563167,
    "Soil_Type_Sandy": 3.640417617366595e-05,
    "Days_to_Harvest": 3.0215993189601963e-05,
    "Weather_Condition_Cloudy": -0.0004937260557980369,
    "Region_West": -0.0005256785000572681,
    "Soil_Type_Loam": -0.0005908911612027777,
    "Region_South": -0.000938898887489147,
    "Crop_Wheat": -0.0013275672699653964,
    "Weather_Condition_Sunny": -0.001463157441523388,
    "Crop_Maize": -0.0015632438354093439,
    "Soil_Type_Silt": -0.0021181565674507365
}